episodio,recompensa
1,-200.0
2,-200.0
3,-200.0
4,-200.0
5,-186.0
6,-200.0
7,-200.0
8,-200.0
9,-200.0
10,-200.0
11,-200.0
12,-200.0
13,-200.0
14,-200.0
15,-200.0
16,-200.0
17,-200.0
18,-200.0
19,-200.0
20,-200.0
21,-200.0
22,-200.0
23,-200.0
24,-200.0
25,-200.0
26,-200.0
27,-200.0
28,-152.0
29,-200.0
30,-200.0
31,-200.0
32,-200.0
33,-200.0
34,-200.0
35,-200.0
36,-200.0
37,-200.0
38,-200.0
39,-200.0
40,-200.0
41,-200.0
42,-200.0
43,-200.0
44,-200.0
45,-176.0
46,-200.0
47,-200.0
48,-200.0
49,-200.0
50,-146.0
51,-154.0
52,-200.0
53,-107.0
54,-200.0
55,-200.0
56,-200.0
57,-200.0
58,-200.0
59,-200.0
60,-200.0
61,-200.0
62,-200.0
63,-189.0
64,-200.0
65,-200.0
66,-200.0
67,-200.0
68,-200.0
69,-200.0
70,-200.0
71,-156.0
72,-200.0
73,-200.0
74,-200.0
75,-200.0
76,-200.0
77,-200.0
78,-200.0
79,-190.0
80,-200.0
81,-200.0
82,-200.0
83,-200.0
84,-200.0
85,-200.0
86,-152.0
87,-200.0
88,-200.0
89,-200.0
90,-200.0
91,-200.0
92,-200.0
93,-200.0
94,-200.0
95,-200.0
96,-200.0
97,-200.0
98,-200.0
99,-200.0
100,-200.0
101,-200.0
102,-200.0
103,-200.0
104,-200.0
105,-200.0
106,-200.0
107,-200.0
108,-200.0
109,-200.0
110,-200.0
111,-200.0
112,-200.0
113,-200.0
114,-200.0
115,-200.0
116,-173.0
117,-200.0
118,-168.0
119,-200.0
120,-200.0
121,-200.0
122,-193.0
123,-200.0
124,-200.0
125,-200.0
126,-200.0
127,-200.0
128,-200.0
129,-200.0
130,-200.0
131,-139.0
132,-200.0
133,-172.0
134,-200.0
135,-181.0
136,-200.0
137,-200.0
138,-200.0
139,-113.0
140,-200.0
141,-200.0
142,-200.0
143,-200.0
144,-200.0
145,-200.0
146,-200.0
147,-200.0
148,-200.0
149,-200.0
150,-144.0
151,-200.0
152,-200.0
153,-200.0
154,-200.0
155,-200.0
156,-200.0
157,-189.0
158,-200.0
159,-200.0
160,-200.0
161,-200.0
162,-200.0
163,-200.0
164,-200.0
165,-200.0
166,-200.0
167,-200.0
168,-200.0
169,-200.0
170,-169.0
171,-200.0
172,-174.0
173,-200.0
174,-200.0
175,-183.0
176,-200.0
177,-200.0
178,-175.0
179,-200.0
180,-200.0
181,-200.0
182,-200.0
183,-200.0
184,-167.0
185,-200.0
186,-200.0
187,-200.0
188,-200.0
189,-139.0
190,-200.0
191,-200.0
192,-200.0
193,-200.0
194,-200.0
195,-148.0
196,-200.0
197,-200.0
198,-200.0
199,-200.0
200,-136.0
201,-178.0
202,-200.0
203,-200.0
204,-200.0
205,-200.0
206,-175.0
207,-200.0
208,-176.0
209,-200.0
210,-200.0
211,-200.0
212,-200.0
213,-200.0
214,-200.0
215,-200.0
216,-200.0
217,-200.0
218,-200.0
219,-200.0
220,-200.0
221,-200.0
222,-200.0
223,-200.0
224,-200.0
225,-200.0
226,-118.0
227,-200.0
228,-172.0
229,-117.0
230,-200.0
231,-200.0
232,-200.0
233,-200.0
234,-200.0
235,-200.0
236,-200.0
237,-200.0
238,-200.0
239,-200.0
240,-200.0
241,-200.0
242,-200.0
243,-200.0
244,-200.0
245,-200.0
246,-200.0
247,-187.0
248,-200.0
249,-200.0
250,-200.0
251,-129.0
252,-123.0
253,-200.0
254,-158.0
255,-162.0
256,-174.0
257,-200.0
258,-200.0
259,-200.0
260,-200.0
261,-200.0
262,-200.0
263,-200.0
264,-195.0
265,-200.0
266,-200.0
267,-200.0
268,-132.0
269,-200.0
270,-200.0
271,-200.0
272,-200.0
273,-172.0
274,-200.0
275,-142.0
276,-200.0
277,-200.0
278,-200.0
279,-200.0
280,-200.0
281,-200.0
282,-200.0
283,-200.0
284,-162.0
285,-193.0
286,-200.0
287,-200.0
288,-200.0
289,-200.0
290,-200.0
291,-200.0
292,-200.0
293,-200.0
294,-200.0
295,-200.0
296,-200.0
297,-88.0
298,-200.0
299,-200.0
300,-200.0
301,-200.0
302,-200.0
303,-200.0
304,-200.0
305,-200.0
306,-200.0
307,-200.0
308,-179.0
309,-200.0
310,-157.0
311,-200.0
312,-200.0
313,-200.0
314,-200.0
315,-139.0
316,-200.0
317,-200.0
318,-200.0
319,-200.0
320,-200.0
321,-200.0
322,-200.0
323,-157.0
324,-200.0
325,-200.0
326,-200.0
327,-200.0
328,-200.0
329,-200.0
330,-200.0
331,-105.0
332,-200.0
333,-200.0
334,-200.0
335,-200.0
336,-200.0
337,-200.0
338,-200.0
339,-200.0
340,-200.0
341,-200.0
342,-200.0
343,-149.0
344,-146.0
345,-200.0
346,-200.0
347,-200.0
348,-200.0
349,-200.0
350,-182.0
351,-200.0
352,-200.0
353,-200.0
354,-200.0
355,-200.0
356,-200.0
357,-200.0
358,-200.0
359,-200.0
360,-200.0
361,-200.0
362,-123.0
363,-200.0
364,-200.0
365,-200.0
366,-200.0
367,-200.0
368,-200.0
369,-200.0
370,-200.0
371,-182.0
372,-200.0
373,-200.0
374,-200.0
375,-200.0
376,-200.0
377,-200.0
378,-200.0
379,-200.0
380,-200.0
381,-200.0
382,-200.0
383,-200.0
384,-200.0
385,-161.0
386,-200.0
387,-200.0
388,-200.0
389,-200.0
390,-200.0
391,-200.0
392,-155.0
393,-200.0
394,-196.0
395,-140.0
396,-200.0
397,-200.0
398,-142.0
399,-200.0
400,-200.0
401,-200.0
402,-200.0
403,-200.0
404,-200.0
405,-200.0
406,-200.0
407,-200.0
408,-200.0
409,-200.0
410,-165.0
411,-200.0
412,-200.0
413,-200.0
414,-200.0
415,-200.0
416,-112.0
417,-200.0
418,-200.0
419,-200.0
420,-181.0
421,-200.0
422,-200.0
423,-197.0
424,-152.0
425,-200.0
426,-191.0
427,-200.0
428,-165.0
429,-200.0
430,-200.0
431,-200.0
432,-200.0
433,-200.0
434,-200.0
435,-200.0
436,-200.0
437,-196.0
438,-200.0
439,-200.0
440,-200.0
441,-200.0
442,-200.0
443,-200.0
444,-200.0
445,-200.0
446,-198.0
447,-200.0
448,-200.0
449,-200.0
450,-200.0
451,-200.0
452,-120.0
453,-200.0
454,-200.0
455,-200.0
456,-200.0
457,-200.0
458,-192.0
459,-200.0
460,-167.0
461,-200.0
462,-200.0
463,-118.0
464,-200.0
465,-200.0
466,-200.0
467,-200.0
468,-200.0
469,-200.0
470,-200.0
471,-90.0
472,-200.0
473,-153.0
474,-200.0
475,-200.0
476,-200.0
477,-200.0
478,-168.0
479,-200.0
480,-200.0
481,-200.0
482,-200.0
483,-200.0
484,-159.0
485,-200.0
486,-200.0
487,-200.0
488,-108.0
489,-200.0
490,-200.0
491,-147.0
492,-200.0
493,-200.0
494,-200.0
495,-200.0
496,-200.0
497,-200.0
498,-200.0
499,-200.0
500,-200.0
501,-200.0
502,-200.0
503,-123.0
504,-200.0
505,-200.0
506,-200.0
507,-200.0
508,-200.0
509,-200.0
510,-200.0
511,-200.0
512,-200.0
513,-200.0
514,-200.0
515,-200.0
516,-200.0
517,-200.0
518,-200.0
519,-200.0
520,-200.0
521,-200.0
522,-156.0
523,-200.0
524,-177.0
525,-180.0
526,-139.0
527,-200.0
528,-157.0
529,-200.0
530,-200.0
531,-200.0
532,-200.0
533,-200.0
534,-136.0
535,-200.0
536,-200.0
537,-200.0
538,-200.0
539,-200.0
540,-200.0
541,-200.0
542,-124.0
543,-194.0
544,-189.0
545,-200.0
546,-125.0
547,-200.0
548,-200.0
549,-200.0
550,-200.0
551,-200.0
552,-117.0
553,-197.0
554,-186.0
555,-200.0
556,-200.0
557,-200.0
558,-200.0
559,-200.0
560,-200.0
561,-111.0
562,-200.0
563,-200.0
564,-200.0
565,-200.0
566,-200.0
567,-200.0
568,-200.0
569,-200.0
570,-200.0
571,-200.0
572,-179.0
573,-200.0
574,-200.0
575,-200.0
576,-200.0
577,-200.0
578,-200.0
579,-200.0
580,-200.0
581,-200.0
582,-200.0
583,-120.0
584,-200.0
585,-200.0
586,-200.0
587,-200.0
588,-153.0
589,-200.0
590,-200.0
591,-200.0
592,-200.0
593,-200.0
594,-200.0
595,-200.0
596,-200.0
597,-200.0
598,-200.0
599,-200.0
600,-158.0
601,-200.0
602,-150.0
603,-161.0
604,-200.0
605,-200.0
606,-200.0
607,-200.0
608,-200.0
609,-200.0
610,-200.0
611,-200.0
612,-200.0
613,-200.0
614,-200.0
615,-200.0
616,-200.0
617,-200.0
618,-200.0
619,-200.0
620,-176.0
621,-129.0
622,-192.0
623,-200.0
624,-148.0
625,-200.0
626,-200.0
627,-200.0
628,-200.0
629,-200.0
630,-200.0
631,-200.0
632,-200.0
633,-128.0
634,-200.0
635,-200.0
636,-200.0
637,-157.0
638,-200.0
639,-200.0
640,-199.0
641,-200.0
642,-200.0
643,-200.0
644,-200.0
645,-200.0
646,-183.0
647,-200.0
648,-200.0
649,-200.0
650,-200.0
651,-109.0
652,-200.0
653,-174.0
654,-167.0
655,-200.0
656,-200.0
657,-200.0
658,-200.0
659,-200.0
660,-200.0
661,-169.0
662,-200.0
663,-152.0
664,-200.0
665,-200.0
666,-200.0
667,-200.0
668,-200.0
669,-200.0
670,-200.0
671,-200.0
672,-200.0
673,-200.0
674,-195.0
675,-133.0
676,-200.0
677,-200.0
678,-145.0
679,-200.0
680,-200.0
681,-200.0
682,-200.0
683,-200.0
684,-200.0
685,-200.0
686,-200.0
687,-200.0
688,-200.0
689,-200.0
690,-200.0
691,-200.0
692,-200.0
693,-189.0
694,-200.0
695,-200.0
696,-200.0
697,-200.0
698,-200.0
699,-200.0
700,-137.0
701,-98.0
702,-200.0
703,-200.0
704,-200.0
705,-200.0
706,-200.0
707,-200.0
708,-200.0
709,-200.0
710,-200.0
711,-200.0
712,-200.0
713,-200.0
714,-200.0
715,-200.0
716,-111.0
717,-88.0
718,-200.0
719,-143.0
720,-200.0
721,-200.0
722,-200.0
723,-200.0
724,-200.0
725,-200.0
726,-200.0
727,-200.0
728,-200.0
729,-109.0
730,-200.0
731,-86.0
732,-200.0
733,-200.0
734,-200.0
735,-200.0
736,-200.0
737,-200.0
738,-200.0
739,-200.0
740,-193.0
741,-200.0
742,-200.0
743,-200.0
744,-200.0
745,-200.0
746,-164.0
747,-200.0
748,-200.0
749,-200.0
750,-200.0
751,-200.0
752,-200.0
753,-200.0
754,-200.0
755,-200.0
756,-200.0
757,-200.0
758,-200.0
759,-164.0
760,-200.0
761,-166.0
762,-200.0
763,-200.0
764,-200.0
765,-145.0
766,-195.0
767,-200.0
768,-200.0
769,-200.0
770,-200.0
771,-200.0
772,-93.0
773,-200.0
774,-200.0
775,-200.0
776,-200.0
777,-200.0
778,-200.0
779,-200.0
780,-200.0
781,-111.0
782,-200.0
783,-200.0
784,-200.0
785,-191.0
786,-200.0
787,-200.0
788,-200.0
789,-200.0
790,-200.0
791,-200.0
792,-200.0
793,-200.0
794,-200.0
795,-200.0
796,-167.0
797,-200.0
798,-200.0
799,-200.0
800,-200.0
801,-174.0
802,-200.0
803,-200.0
804,-200.0
805,-167.0
806,-200.0
807,-200.0
808,-200.0
809,-186.0
810,-200.0
811,-200.0
812,-200.0
813,-200.0
814,-200.0
815,-200.0
816,-200.0
817,-200.0
818,-200.0
819,-200.0
820,-200.0
821,-145.0
822,-200.0
823,-200.0
824,-200.0
825,-200.0
826,-200.0
827,-200.0
828,-200.0
829,-200.0
830,-200.0
831,-200.0
832,-200.0
833,-200.0
834,-200.0
835,-200.0
836,-200.0
837,-200.0
838,-200.0
839,-200.0
840,-200.0
841,-200.0
842,-200.0
843,-200.0
844,-200.0
845,-200.0
846,-122.0
847,-200.0
848,-200.0
849,-200.0
850,-200.0
851,-169.0
852,-200.0
853,-200.0
854,-200.0
855,-200.0
856,-200.0
857,-200.0
858,-200.0
859,-200.0
860,-200.0
861,-200.0
862,-200.0
863,-200.0
864,-200.0
865,-200.0
866,-200.0
867,-200.0
868,-200.0
869,-165.0
870,-200.0
871,-98.0
872,-200.0
873,-200.0
874,-200.0
875,-200.0
876,-200.0
877,-155.0
878,-200.0
879,-200.0
880,-178.0
881,-191.0
882,-200.0
883,-200.0
884,-200.0
885,-200.0
886,-200.0
887,-200.0
888,-200.0
889,-200.0
890,-200.0
891,-184.0
892,-145.0
893,-137.0
894,-200.0
895,-200.0
896,-200.0
897,-200.0
898,-200.0
899,-200.0
900,-200.0
901,-200.0
902,-200.0
903,-200.0
904,-200.0
905,-200.0
906,-200.0
907,-200.0
908,-200.0
909,-200.0
910,-200.0
911,-200.0
912,-200.0
913,-200.0
914,-200.0
915,-200.0
916,-200.0
917,-200.0
918,-200.0
919,-200.0
920,-200.0
921,-200.0
922,-200.0
923,-200.0
924,-200.0
925,-200.0
926,-200.0
927,-166.0
928,-200.0
929,-200.0
930,-200.0
931,-200.0
932,-200.0
933,-173.0
934,-200.0
935,-200.0
936,-107.0
937,-200.0
938,-200.0
939,-200.0
940,-200.0
941,-200.0
942,-200.0
943,-200.0
944,-144.0
945,-200.0
946,-200.0
947,-200.0
948,-200.0
949,-200.0
950,-200.0
951,-158.0
952,-200.0
953,-200.0
954,-134.0
955,-189.0
956,-188.0
957,-200.0
958,-200.0
959,-200.0
960,-200.0
961,-200.0
962,-200.0
963,-200.0
964,-200.0
965,-200.0
966,-200.0
967,-200.0
968,-200.0
969,-165.0
970,-200.0
971,-190.0
972,-200.0
973,-200.0
974,-127.0
975,-190.0
976,-200.0
977,-200.0
978,-200.0
979,-200.0
980,-200.0
981,-200.0
982,-200.0
983,-200.0
984,-200.0
985,-200.0
986,-200.0
987,-200.0
988,-200.0
989,-200.0
990,-183.0
991,-200.0
992,-200.0
993,-155.0
994,-196.0
995,-200.0
996,-177.0
997,-200.0
998,-200.0
999,-200.0
1000,-200.0
1001,-200.0
1002,-200.0
1003,-200.0
1004,-200.0
1005,-200.0
1006,-127.0
1007,-200.0
1008,-200.0
1009,-197.0
1010,-153.0
1011,-200.0
1012,-200.0
1013,-200.0
1014,-200.0
1015,-200.0
1016,-200.0
1017,-200.0
1018,-200.0
1019,-200.0
1020,-200.0
1021,-200.0
1022,-200.0
1023,-200.0
1024,-200.0
1025,-200.0
1026,-200.0
1027,-200.0
1028,-200.0
1029,-184.0
1030,-200.0
1031,-200.0
1032,-200.0
1033,-200.0
1034,-200.0
1035,-200.0
1036,-200.0
1037,-200.0
1038,-104.0
1039,-148.0
1040,-200.0
1041,-168.0
1042,-200.0
1043,-200.0
1044,-200.0
1045,-200.0
1046,-200.0
1047,-200.0
1048,-200.0
1049,-200.0
1050,-200.0
1051,-200.0
1052,-200.0
1053,-200.0
1054,-200.0
1055,-200.0
1056,-200.0
1057,-200.0
1058,-200.0
1059,-200.0
1060,-163.0
1061,-197.0
1062,-200.0
1063,-147.0
1064,-200.0
1065,-200.0
1066,-200.0
1067,-112.0
1068,-185.0
1069,-181.0
1070,-200.0
1071,-200.0
1072,-200.0
1073,-200.0
1074,-200.0
1075,-200.0
1076,-200.0
1077,-200.0
1078,-200.0
1079,-200.0
1080,-200.0
1081,-200.0
1082,-200.0
1083,-200.0
1084,-200.0
1085,-200.0
1086,-200.0
1087,-200.0
1088,-200.0
1089,-200.0
1090,-200.0
1091,-200.0
1092,-200.0
1093,-200.0
1094,-200.0
1095,-200.0
1096,-200.0
1097,-200.0
1098,-200.0
1099,-200.0
1100,-200.0
1101,-200.0
1102,-200.0
1103,-200.0
1104,-200.0
1105,-179.0
1106,-200.0
1107,-200.0
1108,-200.0
1109,-138.0
1110,-200.0
1111,-200.0
1112,-200.0
1113,-177.0
1114,-171.0
1115,-200.0
1116,-200.0
1117,-200.0
1118,-200.0
1119,-200.0
1120,-200.0
1121,-200.0
1122,-200.0
1123,-200.0
1124,-200.0
1125,-200.0
1126,-200.0
1127,-200.0
1128,-200.0
1129,-197.0
1130,-200.0
1131,-200.0
1132,-200.0
1133,-200.0
1134,-200.0
1135,-200.0
1136,-200.0
1137,-200.0
1138,-200.0
1139,-200.0
1140,-118.0
1141,-200.0
1142,-160.0
1143,-200.0
1144,-121.0
1145,-200.0
1146,-200.0
1147,-200.0
1148,-200.0
1149,-200.0
1150,-200.0
1151,-112.0
1152,-200.0
1153,-146.0
1154,-200.0
1155,-200.0
1156,-200.0
1157,-200.0
1158,-200.0
1159,-200.0
1160,-200.0
1161,-118.0
1162,-200.0
1163,-200.0
1164,-200.0
1165,-200.0
1166,-200.0
1167,-200.0
1168,-147.0
1169,-200.0
1170,-200.0
1171,-200.0
1172,-200.0
1173,-200.0
1174,-200.0
1175,-200.0
1176,-200.0
1177,-200.0
1178,-200.0
1179,-200.0
1180,-200.0
1181,-200.0
1182,-200.0
1183,-200.0
1184,-189.0
1185,-200.0
1186,-200.0
1187,-200.0
1188,-200.0
1189,-200.0
1190,-200.0
1191,-200.0
1192,-200.0
1193,-200.0
1194,-200.0
1195,-200.0
1196,-200.0
1197,-200.0
1198,-200.0
1199,-200.0
1200,-200.0
1201,-200.0
1202,-200.0
1203,-200.0
1204,-172.0
1205,-200.0
1206,-200.0
1207,-200.0
1208,-200.0
1209,-200.0
1210,-194.0
1211,-200.0
1212,-200.0
1213,-200.0
1214,-138.0
1215,-200.0
1216,-200.0
1217,-200.0
1218,-153.0
1219,-200.0
1220,-200.0
1221,-200.0
1222,-200.0
1223,-200.0
1224,-200.0
1225,-162.0
1226,-200.0
1227,-200.0
1228,-200.0
1229,-200.0
1230,-120.0
1231,-181.0
1232,-200.0
1233,-200.0
1234,-200.0
1235,-200.0
1236,-200.0
1237,-200.0
1238,-200.0
1239,-200.0
1240,-200.0
1241,-200.0
1242,-198.0
1243,-200.0
1244,-200.0
1245,-200.0
1246,-200.0
1247,-200.0
1248,-152.0
1249,-200.0
1250,-200.0
1251,-170.0
1252,-200.0
1253,-200.0
1254,-200.0
1255,-200.0
1256,-200.0
1257,-200.0
1258,-200.0
1259,-200.0
1260,-127.0
1261,-200.0
1262,-200.0
1263,-200.0
1264,-200.0
1265,-200.0
1266,-200.0
1267,-200.0
1268,-200.0
1269,-200.0
1270,-200.0
1271,-114.0
1272,-200.0
1273,-200.0
1274,-200.0
1275,-200.0
1276,-200.0
1277,-91.0
1278,-200.0
1279,-200.0
1280,-200.0
1281,-200.0
1282,-200.0
1283,-200.0
1284,-200.0
1285,-200.0
1286,-181.0
1287,-200.0
1288,-200.0
1289,-200.0
1290,-200.0
1291,-200.0
1292,-163.0
1293,-200.0
1294,-117.0
1295,-200.0
1296,-200.0
1297,-150.0
1298,-200.0
1299,-200.0
1300,-200.0
1301,-200.0
1302,-200.0
1303,-200.0
1304,-200.0
1305,-200.0
1306,-157.0
1307,-200.0
1308,-200.0
1309,-200.0
1310,-200.0
1311,-200.0
1312,-200.0
1313,-200.0
1314,-200.0
1315,-200.0
1316,-200.0
1317,-200.0
1318,-200.0
1319,-200.0
1320,-200.0
1321,-200.0
1322,-200.0
1323,-200.0
1324,-196.0
1325,-200.0
1326,-154.0
1327,-200.0
1328,-200.0
1329,-176.0
1330,-180.0
1331,-87.0
1332,-200.0
1333,-194.0
1334,-200.0
1335,-200.0
1336,-200.0
1337,-200.0
1338,-200.0
1339,-153.0
1340,-132.0
1341,-200.0
1342,-171.0
1343,-200.0
1344,-200.0
1345,-200.0
1346,-200.0
1347,-200.0
1348,-200.0
1349,-200.0
1350,-200.0
1351,-200.0
1352,-200.0
1353,-200.0
1354,-200.0
1355,-200.0
1356,-200.0
1357,-200.0
1358,-178.0
1359,-200.0
1360,-200.0
1361,-200.0
1362,-200.0
1363,-200.0
1364,-200.0
1365,-200.0
1366,-117.0
1367,-125.0
1368,-178.0
1369,-200.0
1370,-200.0
1371,-200.0
1372,-200.0
1373,-200.0
1374,-111.0
1375,-200.0
1376,-200.0
1377,-200.0
1378,-200.0
1379,-200.0
1380,-188.0
1381,-200.0
1382,-200.0
1383,-200.0
1384,-200.0
1385,-200.0
1386,-200.0
1387,-200.0
1388,-200.0
1389,-200.0
1390,-200.0
1391,-198.0
1392,-200.0
1393,-200.0
1394,-200.0
1395,-200.0
1396,-200.0
1397,-200.0
1398,-121.0
1399,-158.0
1400,-113.0
1401,-200.0
1402,-200.0
1403,-200.0
1404,-200.0
1405,-200.0
1406,-200.0
1407,-200.0
1408,-200.0
1409,-177.0
1410,-139.0
1411,-200.0
1412,-133.0
1413,-169.0
1414,-200.0
1415,-200.0
1416,-121.0
1417,-200.0
1418,-179.0
1419,-200.0
1420,-180.0
1421,-200.0
1422,-200.0
1423,-200.0
1424,-200.0
1425,-176.0
1426,-105.0
1427,-200.0
1428,-200.0
1429,-200.0
1430,-200.0
1431,-178.0
1432,-159.0
1433,-200.0
1434,-200.0
1435,-200.0
1436,-200.0
1437,-200.0
1438,-180.0
1439,-200.0
1440,-200.0
1441,-200.0
1442,-200.0
1443,-189.0
1444,-200.0
1445,-193.0
1446,-200.0
1447,-200.0
1448,-200.0
1449,-200.0
1450,-200.0
1451,-178.0
1452,-87.0
1453,-200.0
1454,-100.0
1455,-200.0
1456,-195.0
1457,-200.0
1458,-200.0
1459,-200.0
1460,-200.0
1461,-200.0
1462,-200.0
1463,-200.0
1464,-200.0
1465,-200.0
1466,-157.0
1467,-200.0
1468,-200.0
1469,-200.0
1470,-200.0
1471,-200.0
1472,-200.0
1473,-200.0
1474,-200.0
1475,-200.0
1476,-200.0
1477,-200.0
1478,-200.0
1479,-200.0
1480,-200.0
1481,-200.0
1482,-114.0
1483,-200.0
1484,-200.0
1485,-200.0
1486,-200.0
1487,-200.0
1488,-171.0
1489,-200.0
1490,-200.0
1491,-200.0
1492,-200.0
1493,-153.0
1494,-200.0
1495,-200.0
1496,-200.0
1497,-200.0
1498,-157.0
1499,-200.0
1500,-200.0
1501,-200.0
1502,-200.0
1503,-200.0
1504,-200.0
1505,-200.0
1506,-116.0
1507,-200.0
1508,-200.0
1509,-197.0
1510,-200.0
1511,-200.0
1512,-200.0
1513,-200.0
1514,-200.0
1515,-200.0
1516,-200.0
1517,-200.0
1518,-138.0
1519,-200.0
1520,-111.0
1521,-200.0
1522,-200.0
1523,-200.0
1524,-124.0
1525,-200.0
1526,-200.0
1527,-129.0
1528,-200.0
1529,-200.0
1530,-200.0
1531,-200.0
1532,-200.0
1533,-149.0
1534,-200.0
1535,-200.0
1536,-147.0
1537,-200.0
1538,-156.0
1539,-200.0
1540,-200.0
1541,-160.0
1542,-200.0
1543,-110.0
1544,-200.0
1545,-200.0
1546,-164.0
1547,-200.0
1548,-200.0
1549,-200.0
1550,-200.0
1551,-200.0
1552,-200.0
1553,-200.0
1554,-189.0
1555,-200.0
1556,-200.0
1557,-200.0
1558,-161.0
1559,-200.0
1560,-200.0
1561,-200.0
1562,-200.0
1563,-200.0
1564,-200.0
1565,-200.0
1566,-200.0
1567,-200.0
1568,-172.0
1569,-200.0
1570,-163.0
1571,-200.0
1572,-200.0
1573,-182.0
1574,-192.0
1575,-200.0
1576,-200.0
1577,-200.0
1578,-159.0
1579,-200.0
1580,-200.0
1581,-200.0
1582,-200.0
1583,-200.0
1584,-200.0
1585,-200.0
1586,-200.0
1587,-103.0
1588,-200.0
1589,-200.0
1590,-200.0
1591,-200.0
1592,-200.0
1593,-200.0
1594,-185.0
1595,-200.0
1596,-200.0
1597,-200.0
1598,-200.0
1599,-200.0
1600,-200.0
1601,-200.0
1602,-200.0
1603,-179.0
1604,-200.0
1605,-200.0
1606,-200.0
1607,-200.0
1608,-200.0
1609,-200.0
1610,-200.0
1611,-200.0
1612,-200.0
1613,-122.0
1614,-200.0
1615,-200.0
1616,-193.0
1617,-200.0
1618,-200.0
1619,-200.0
1620,-85.0
1621,-200.0
1622,-200.0
1623,-200.0
1624,-200.0
1625,-114.0
1626,-200.0
1627,-200.0
1628,-200.0
1629,-200.0
1630,-200.0
1631,-200.0
1632,-200.0
1633,-200.0
1634,-200.0
1635,-200.0
1636,-200.0
1637,-200.0
1638,-200.0
1639,-200.0
1640,-200.0
1641,-200.0
1642,-200.0
1643,-159.0
1644,-190.0
1645,-200.0
1646,-200.0
1647,-200.0
1648,-200.0
1649,-200.0
1650,-153.0
1651,-200.0
1652,-178.0
1653,-200.0
1654,-200.0
1655,-200.0
1656,-200.0
1657,-200.0
1658,-200.0
1659,-200.0
1660,-200.0
1661,-200.0
1662,-200.0
1663,-200.0
1664,-200.0
1665,-200.0
1666,-200.0
1667,-200.0
1668,-200.0
1669,-200.0
1670,-200.0
1671,-200.0
1672,-200.0
1673,-200.0
1674,-200.0
1675,-192.0
1676,-200.0
1677,-200.0
1678,-193.0
1679,-200.0
1680,-200.0
1681,-200.0
1682,-200.0
1683,-200.0
1684,-200.0
1685,-200.0
1686,-200.0
1687,-200.0
1688,-200.0
1689,-200.0
1690,-200.0
1691,-200.0
1692,-200.0
1693,-200.0
1694,-200.0
1695,-200.0
1696,-151.0
1697,-117.0
1698,-200.0
1699,-200.0
1700,-200.0
1701,-200.0
1702,-149.0
1703,-200.0
1704,-200.0
1705,-181.0
1706,-200.0
1707,-200.0
1708,-200.0
1709,-200.0
1710,-200.0
1711,-200.0
1712,-200.0
1713,-200.0
1714,-200.0
1715,-200.0
1716,-89.0
1717,-200.0
1718,-200.0
1719,-200.0
1720,-200.0
1721,-200.0
1722,-182.0
1723,-200.0
1724,-163.0
1725,-200.0
1726,-200.0
1727,-200.0
1728,-200.0
1729,-200.0
1730,-173.0
1731,-200.0
1732,-200.0
1733,-200.0
1734,-125.0
1735,-200.0
1736,-200.0
1737,-200.0
1738,-117.0
1739,-136.0
1740,-180.0
1741,-200.0
1742,-200.0
1743,-200.0
1744,-200.0
1745,-119.0
1746,-200.0
1747,-200.0
1748,-200.0
1749,-135.0
1750,-110.0
1751,-152.0
1752,-200.0
1753,-200.0
1754,-200.0
1755,-200.0
1756,-200.0
1757,-200.0
1758,-200.0
1759,-200.0
1760,-200.0
1761,-200.0
1762,-200.0
1763,-162.0
1764,-111.0
1765,-200.0
1766,-200.0
1767,-200.0
1768,-200.0
1769,-200.0
1770,-200.0
1771,-183.0
1772,-200.0
1773,-200.0
1774,-200.0
1775,-200.0
1776,-200.0
1777,-200.0
1778,-200.0
1779,-200.0
1780,-200.0
1781,-200.0
1782,-136.0
1783,-199.0
1784,-200.0
1785,-119.0
1786,-199.0
1787,-200.0
1788,-200.0
1789,-118.0
1790,-200.0
1791,-200.0
1792,-200.0
1793,-157.0
1794,-200.0
1795,-200.0
1796,-200.0
1797,-197.0
1798,-154.0
1799,-198.0
1800,-200.0
1801,-138.0
1802,-200.0
1803,-200.0
1804,-200.0
1805,-200.0
1806,-200.0
1807,-200.0
1808,-178.0
1809,-111.0
1810,-200.0
1811,-200.0
1812,-120.0
1813,-200.0
1814,-200.0
1815,-200.0
1816,-200.0
1817,-200.0
1818,-162.0
1819,-200.0
1820,-200.0
1821,-200.0
1822,-152.0
1823,-167.0
1824,-183.0
1825,-200.0
1826,-200.0
1827,-200.0
1828,-200.0
1829,-200.0
1830,-200.0
1831,-200.0
1832,-119.0
1833,-200.0
1834,-147.0
1835,-200.0
1836,-158.0
1837,-200.0
1838,-200.0
1839,-200.0
1840,-200.0
1841,-200.0
1842,-134.0
1843,-185.0
1844,-200.0
1845,-200.0
1846,-200.0
1847,-200.0
1848,-200.0
1849,-200.0
1850,-200.0
1851,-200.0
1852,-200.0
1853,-200.0
1854,-200.0
1855,-135.0
1856,-200.0
1857,-200.0
1858,-200.0
1859,-200.0
1860,-200.0
1861,-200.0
1862,-200.0
1863,-121.0
1864,-107.0
1865,-200.0
1866,-119.0
1867,-200.0
1868,-200.0
1869,-200.0
1870,-200.0
1871,-200.0
1872,-150.0
1873,-200.0
1874,-200.0
1875,-200.0
1876,-200.0
1877,-200.0
1878,-200.0
1879,-200.0
1880,-200.0
1881,-200.0
1882,-182.0
1883,-149.0
1884,-192.0
1885,-198.0
1886,-200.0
1887,-86.0
1888,-200.0
1889,-163.0
1890,-151.0
1891,-92.0
1892,-200.0
1893,-113.0
1894,-118.0
1895,-152.0
1896,-200.0
1897,-200.0
1898,-186.0
1899,-200.0
1900,-200.0
1901,-135.0
1902,-200.0
1903,-153.0
1904,-200.0
1905,-164.0
1906,-200.0
1907,-194.0
1908,-200.0
1909,-149.0
1910,-177.0
1911,-161.0
1912,-200.0
1913,-200.0
1914,-200.0
1915,-200.0
1916,-200.0
1917,-200.0
1918,-200.0
1919,-200.0
1920,-200.0
1921,-200.0
1922,-84.0
1923,-200.0
1924,-200.0
1925,-200.0
1926,-200.0
1927,-200.0
1928,-200.0
1929,-190.0
1930,-200.0
1931,-200.0
1932,-200.0
1933,-187.0
1934,-200.0
1935,-200.0
1936,-200.0
1937,-200.0
1938,-200.0
1939,-200.0
1940,-128.0
1941,-200.0
1942,-200.0
1943,-105.0
1944,-200.0
1945,-200.0
1946,-200.0
1947,-200.0
1948,-200.0
1949,-200.0
1950,-200.0
1951,-200.0
1952,-200.0
1953,-200.0
1954,-200.0
1955,-200.0
1956,-200.0
1957,-200.0
1958,-200.0
1959,-200.0
1960,-193.0
1961,-200.0
1962,-200.0
1963,-198.0
1964,-200.0
1965,-200.0
1966,-200.0
1967,-200.0
1968,-200.0
1969,-171.0
1970,-194.0
1971,-200.0
1972,-200.0
1973,-200.0
1974,-200.0
1975,-200.0
1976,-114.0
1977,-200.0
1978,-200.0
1979,-200.0
1980,-200.0
1981,-200.0
1982,-200.0
1983,-200.0
1984,-200.0
1985,-200.0
1986,-182.0
1987,-200.0
1988,-144.0
1989,-200.0
1990,-200.0
1991,-127.0
1992,-200.0
1993,-110.0
1994,-200.0
1995,-200.0
1996,-165.0
1997,-200.0
1998,-200.0
1999,-200.0
2000,-200.0
2001,-200.0
2002,-200.0
2003,-200.0
2004,-200.0
2005,-200.0
2006,-200.0
2007,-200.0
2008,-200.0
2009,-200.0
2010,-171.0
2011,-168.0
2012,-200.0
2013,-200.0
2014,-200.0
2015,-200.0
2016,-200.0
2017,-200.0
2018,-190.0
2019,-200.0
2020,-200.0
2021,-200.0
2022,-200.0
2023,-200.0
2024,-200.0
2025,-164.0
2026,-200.0
2027,-152.0
2028,-200.0
2029,-200.0
2030,-200.0
2031,-195.0
2032,-200.0
2033,-200.0
2034,-168.0
2035,-200.0
2036,-200.0
2037,-200.0
2038,-200.0
2039,-136.0
2040,-200.0
2041,-188.0
2042,-200.0
2043,-200.0
2044,-91.0
2045,-200.0
2046,-200.0
2047,-163.0
2048,-110.0
2049,-200.0
2050,-200.0
2051,-175.0
2052,-193.0
2053,-200.0
2054,-200.0
2055,-200.0
2056,-200.0
2057,-200.0
2058,-200.0
2059,-200.0
2060,-200.0
2061,-161.0
2062,-200.0
2063,-200.0
2064,-200.0
2065,-200.0
2066,-200.0
2067,-200.0
2068,-200.0
2069,-200.0
2070,-200.0
2071,-200.0
2072,-200.0
2073,-153.0
2074,-127.0
2075,-200.0
2076,-200.0
2077,-175.0
2078,-90.0
2079,-200.0
2080,-200.0
2081,-200.0
2082,-200.0
2083,-200.0
2084,-200.0
2085,-200.0
2086,-200.0
2087,-200.0
2088,-200.0
2089,-200.0
2090,-200.0
2091,-200.0
2092,-200.0
2093,-185.0
2094,-200.0
2095,-114.0
2096,-200.0
2097,-200.0
2098,-200.0
2099,-200.0
2100,-200.0
2101,-200.0
2102,-200.0
2103,-200.0
2104,-200.0
2105,-200.0
2106,-102.0
2107,-200.0
2108,-200.0
2109,-200.0
2110,-169.0
2111,-188.0
2112,-200.0
2113,-200.0
2114,-200.0
2115,-200.0
2116,-200.0
2117,-200.0
2118,-106.0
2119,-200.0
2120,-200.0
2121,-103.0
2122,-200.0
2123,-200.0
2124,-133.0
2125,-190.0
2126,-200.0
2127,-200.0
2128,-200.0
2129,-200.0
2130,-175.0
2131,-200.0
2132,-200.0
2133,-200.0
2134,-200.0
2135,-200.0
2136,-200.0
2137,-200.0
2138,-144.0
2139,-200.0
2140,-187.0
2141,-200.0
2142,-200.0
2143,-200.0
2144,-200.0
2145,-175.0
2146,-172.0
2147,-200.0
2148,-200.0
2149,-131.0
2150,-164.0
2151,-125.0
2152,-200.0
2153,-200.0
2154,-200.0
2155,-200.0
2156,-193.0
2157,-200.0
2158,-200.0
2159,-200.0
2160,-200.0
2161,-189.0
2162,-195.0
2163,-113.0
2164,-196.0
2165,-200.0
2166,-200.0
2167,-200.0
2168,-200.0
2169,-200.0
2170,-200.0
2171,-200.0
2172,-195.0
2173,-200.0
2174,-200.0
2175,-123.0
2176,-200.0
2177,-200.0
2178,-200.0
2179,-192.0
2180,-200.0
2181,-200.0
2182,-200.0
2183,-100.0
2184,-200.0
2185,-88.0
2186,-200.0
2187,-145.0
2188,-200.0
2189,-200.0
2190,-200.0
2191,-121.0
2192,-200.0
2193,-200.0
2194,-200.0
2195,-200.0
2196,-200.0
2197,-181.0
2198,-200.0
2199,-193.0
2200,-200.0
2201,-200.0
2202,-200.0
2203,-196.0
2204,-200.0
2205,-200.0
2206,-200.0
2207,-180.0
2208,-200.0
2209,-200.0
2210,-200.0
2211,-200.0
2212,-183.0
2213,-200.0
2214,-200.0
2215,-200.0
2216,-124.0
2217,-200.0
2218,-200.0
2219,-135.0
2220,-200.0
2221,-200.0
2222,-200.0
2223,-200.0
2224,-86.0
2225,-200.0
2226,-200.0
2227,-200.0
2228,-200.0
2229,-200.0
2230,-164.0
2231,-156.0
2232,-200.0
2233,-200.0
2234,-200.0
2235,-200.0
2236,-200.0
2237,-200.0
2238,-200.0
2239,-200.0
2240,-140.0
2241,-200.0
2242,-128.0
2243,-200.0
2244,-200.0
2245,-147.0
2246,-173.0
2247,-200.0
2248,-200.0
2249,-200.0
2250,-184.0
2251,-153.0
2252,-168.0
2253,-200.0
2254,-200.0
2255,-127.0
2256,-200.0
2257,-133.0
2258,-200.0
2259,-100.0
2260,-200.0
2261,-96.0
2262,-107.0
2263,-200.0
2264,-200.0
2265,-180.0
2266,-160.0
2267,-200.0
2268,-200.0
2269,-200.0
2270,-200.0
2271,-200.0
2272,-200.0
2273,-147.0
2274,-185.0
2275,-200.0
2276,-200.0
2277,-200.0
2278,-144.0
2279,-200.0
2280,-200.0
2281,-200.0
2282,-200.0
2283,-193.0
2284,-200.0
2285,-200.0
2286,-116.0
2287,-200.0
2288,-200.0
2289,-123.0
2290,-200.0
2291,-200.0
2292,-164.0
2293,-200.0
2294,-171.0
2295,-200.0
2296,-200.0
2297,-200.0
2298,-200.0
2299,-156.0
2300,-200.0
2301,-133.0
2302,-200.0
2303,-144.0
2304,-200.0
2305,-157.0
2306,-200.0
2307,-200.0
2308,-200.0
2309,-200.0
2310,-147.0
2311,-200.0
2312,-200.0
2313,-200.0
2314,-159.0
2315,-200.0
2316,-160.0
2317,-200.0
2318,-200.0
2319,-200.0
2320,-200.0
2321,-200.0
2322,-133.0
2323,-156.0
2324,-200.0
2325,-200.0
2326,-141.0
2327,-200.0
2328,-100.0
2329,-88.0
2330,-200.0
2331,-200.0
2332,-200.0
2333,-200.0
2334,-200.0
2335,-200.0
2336,-200.0
2337,-200.0
2338,-200.0
2339,-200.0
2340,-173.0
2341,-200.0
2342,-200.0
2343,-147.0
2344,-200.0
2345,-185.0
2346,-106.0
2347,-200.0
2348,-200.0
2349,-200.0
2350,-184.0
2351,-200.0
2352,-149.0
2353,-200.0
2354,-145.0
2355,-187.0
2356,-200.0
2357,-84.0
2358,-120.0
2359,-117.0
2360,-175.0
2361,-121.0
2362,-200.0
2363,-105.0
2364,-200.0
2365,-200.0
2366,-200.0
2367,-200.0
2368,-200.0
2369,-200.0
2370,-149.0
2371,-159.0
2372,-200.0
2373,-200.0
2374,-195.0
2375,-200.0
2376,-200.0
2377,-107.0
2378,-200.0
2379,-200.0
2380,-117.0
2381,-200.0
2382,-200.0
2383,-200.0
2384,-163.0
2385,-200.0
2386,-150.0
2387,-200.0
2388,-196.0
2389,-200.0
2390,-179.0
2391,-113.0
2392,-200.0
2393,-200.0
2394,-200.0
2395,-200.0
2396,-182.0
2397,-105.0
2398,-137.0
2399,-189.0
2400,-186.0
2401,-200.0
2402,-200.0
2403,-180.0
2404,-200.0
2405,-200.0
2406,-181.0
2407,-200.0
2408,-200.0
2409,-172.0
2410,-193.0
2411,-200.0
2412,-200.0
2413,-144.0
2414,-200.0
2415,-191.0
2416,-147.0
2417,-200.0
2418,-200.0
2419,-200.0
2420,-177.0
2421,-200.0
2422,-200.0
2423,-200.0
2424,-200.0
2425,-200.0
2426,-200.0
2427,-161.0
2428,-152.0
2429,-200.0
2430,-200.0
2431,-200.0
2432,-200.0
2433,-119.0
2434,-170.0
2435,-200.0
2436,-160.0
2437,-121.0
2438,-200.0
2439,-184.0
2440,-200.0
2441,-200.0
2442,-200.0
2443,-200.0
2444,-194.0
2445,-192.0
2446,-200.0
2447,-162.0
2448,-200.0
2449,-200.0
2450,-200.0
2451,-200.0
2452,-200.0
2453,-128.0
2454,-200.0
2455,-139.0
2456,-200.0
2457,-200.0
2458,-200.0
2459,-192.0
2460,-197.0
2461,-200.0
2462,-113.0
2463,-200.0
2464,-200.0
2465,-200.0
2466,-200.0
2467,-117.0
2468,-200.0
2469,-157.0
2470,-200.0
2471,-200.0
2472,-200.0
2473,-200.0
2474,-200.0
2475,-200.0
2476,-200.0
2477,-146.0
2478,-173.0
2479,-200.0
2480,-200.0
